edad,C. Valenciana - 1 dosis,España - 1 dosis,C. Valenciana - 2 dosis,España - 2 dosis
80+,100.0,100.0,100.0,100.0
70-79,99.6,99.3,99.0,98.8
60-69,96.6,96.9,97.0,96.5
50-59,95.0,94.9,96.2,94.9
40-49,91.4,91.3,91.5,90.7
30-39,86.6,86.3,86.3,85.0
20-29,87.7,86.3,87.2,84.3
12-19,94.2,92.0,98.1,94.6
5-11,62.5,53.6,42.7,39.6
poblacion total,82.94008743309,82.61606575822387,83.34901676825802,82.20723172288263
pobl. vac.,93.4,92.9,93.8,92.5
