edad,C. Valenciana - 1 dosis,España - 1 dosis,C. Valenciana - 2 dosis,España - 2 dosis
80+,100.0,100.0,100.0,100.0
70-79,99.6,99.3,98.9,98.6
60-69,96.6,96.9,95.9,95.8
50-59,95.0,94.9,94.2,94.1
40-49,91.3,91.3,90.3,90.0
30-39,86.5,86.3,84.5,84.0
20-29,87.6,86.3,84.9,83.0
12-19,93.8,91.6,90.1,87.2
5-11,66.4,57.1,18.5,16.7
poblacion total,82.87248289767393,82.57167451040598,81.52673938323072,80.98067271581013
pobl. vac.,93.3,92.9,91.8,91.1
