edad,C. Valenciana - 1 dosis,España - 1 dosis,C. Valenciana - 2 dosis,España - 2 dosis
80+,100.0,100.0,100.0,100.0
70-79,99.3,99.7,98.7,99.1
60-69,98.3,99.2,97.5,97.9
50-59,95.2,95.3,94.5,94.4
40-49,88.7,89.0,87.7,87.6
30-39,79.1,79.7,77.3,77.4
20-29,83.1,82.2,80.4,79.0
12-19,88.6,87.4,85.7,84.4
5-11,0,0,0.0,0.0
poblacion total,80.93601534241331,80.79823109391529,79.68405606648379,79.27189207261964
pobl. vac.,91.2,91.0,89.8,89.3
