edad,C. Valenciana - 1 dosis,España - 1 dosis,C. Valenciana - 2 dosis,España - 2 dosis
80+,100.0,100.0,100.0,100.0
70-79,99.6,99.3,99.0,98.9
60-69,96.6,96.9,97.0,96.5
50-59,95.0,95.0,96.2,94.9
40-49,91.4,91.3,91.5,90.7
30-39,86.6,86.3,86.3,85.0
20-29,87.7,86.4,87.0,84.4
12-19,94.2,92.0,98.3,94.8
5-11,62.8,53.8,44.0,40.7
poblacion total,82.9454261942957,82.62698443724705,83.3237466318843,82.24845547898619
pobl. vac.,93.4,92.9,93.8,92.5
