edad,C. Valenciana - 1 dosis,España - 1 dosis,C. Valenciana - 2 dosis,España - 2 dosis
80+,100.0,100.0,100.0,100.0
70-79,99.2,99.3,98.6,98.6
60-69,96.2,96.9,95.5,95.7
50-59,94.7,94.9,93.9,94.0
40-49,91.1,91.2,90.0,89.9
30-39,86.3,86.3,84.3,83.9
20-29,87.1,86.2,84.4,83.0
12-19,92.1,91.4,88.3,86.9
5-11,65.7,56.8,7.0,13.2
poblacion total,82.48730116327651,82.53604391665093,81.12562045797476,80.92767676495198
pobl. vac.,92.9,92.8,91.3,91.0
