edad,C. Valenciana - 1 dosis,España - 1 dosis,C. Valenciana - 2 dosis,España - 2 dosis
80+,100.0,100.0,100.0,100.0
70-79,99.6,99.3,98.9,98.6
60-69,96.6,96.9,95.9,95.8
50-59,95.0,95.0,94.2,94.1
40-49,91.3,91.3,90.3,90.0
30-39,86.5,86.3,84.6,84.0
20-29,87.6,86.3,84.9,83.1
12-19,93.9,91.7,90.1,87.4
5-11,67.0,57.6,19.0,20.1
poblacion total,82.8877280268947,82.58990392047171,81.5537495602937,81.01860042597812
pobl. vac.,93.3,92.9,91.8,91.1
