edad,C. Valenciana - 1 dosis,España - 1 dosis,C. Valenciana - 2 dosis,España - 2 dosis
80+,100.0,100.0,100.0,100.0
70-79,99.6,99.3,99.0,98.8
60-69,96.6,96.9,96.5,96.6
50-59,95.0,94.9,95.0,94.9
40-49,91.4,91.2,92.2,90.8
30-39,86.5,86.2,88.2,85.1
20-29,87.6,86.2,90.3,84.5
12-19,94.0,91.8,97.5,92.9
5-11,59.6,52.1,23.2,27.8
poblacion total,82.89907783775425,82.5652657663586,83.69550237050885,82.13096956542034
pobl. vac.,93.3,92.9,94.2,92.4
