edad,C. Valenciana - 1 dosis,España - 1 dosis,C. Valenciana - 2 dosis,España - 2 dosis
80+,100.0,100.0,100.0,100.0
70-79,99.6,99.3,99.0,98.8
60-69,96.6,96.9,97.0,96.5
50-59,95.0,94.9,96.2,94.9
40-49,91.4,91.2,91.5,90.7
30-39,86.5,86.3,86.3,84.9
20-29,87.7,86.3,87.1,84.3
12-19,94.1,91.9,97.5,93.6
5-11,61.3,53.0,36.9,35.6
poblacion total,82.92229156240428,82.5926014516722,83.27629097672241,82.12636268791704
pobl. vac.,93.4,92.9,93.8,92.4
