edad,C. Valenciana - 1 dosis,España - 1 dosis,C. Valenciana - 2 dosis,España - 2 dosis
80+,100.0,100.0,100.0,100.0
70-79,99.2,99.2,98.5,98.6
60-69,96.2,96.8,95.5,95.7
50-59,94.7,94.9,93.9,94.0
40-49,91.0,91.2,90.0,89.9
30-39,86.2,86.2,84.2,83.8
20-29,87.1,86.1,84.3,82.9
12-19,91.9,91.3,88.1,86.7
5-11,63.3,56.0,0.0,0.0
poblacion total,82.44500631061348,82.50020257827082,81.07812525643355,80.86865984015652
pobl. vac.,92.8,92.8,91.3,91.0
