edad,C. Valenciana - 1 dosis,España - 1 dosis,C. Valenciana - 2 dosis,España - 2 dosis
80+,100.0,100.0,100.0,100.0
70-79,99.6,100.1,98.8,99.3
60-69,98.8,99.8,98.0,98.4
50-59,95.8,96.0,94.9,94.9
40-49,89.7,90.0,88.5,88.5
30-39,81.1,81.6,79.0,79.1
20-29,85.9,84.9,82.9,81.3
12-19,91.7,91.4,88.4,87.1
5-11,29.7,35.6,0.0,0.0
poblacion total,82.06273123509472,82.03711444665996,80.6372622199795,80.28091837028231
pobl. vac.,92.5,92.4,90.9,90.4
