edad,C. Valenciana - 1 dosis,España - 1 dosis,C. Valenciana - 2 dosis,España - 2 dosis
80+,100.0,100.0,100.0,100.0
70-79,99.2,99.2,98.5,98.5
60-69,96.2,96.8,95.4,95.6
50-59,94.6,94.9,93.8,93.9
40-49,91.0,91.1,89.9,89.7
30-39,86.1,86.0,84.0,83.5
20-29,86.9,85.9,84.1,82.5
12-19,91.7,54.4,87.7,86.2
5-11,62.7,90.9,0.0,0.0
poblacion total,82.37500921924968,82.39077132427391,80.94861086422087,80.68050282403067
pobl. vac.,92.7,92.7,91.1,90.8
