edad,C. Valenciana - 1 dosis,España - 1 dosis,C. Valenciana - 2 dosis,España - 2 dosis
80+,100.0,100.0,100.0,100.0
70-79,99.2,99.2,98.5,98.5
60-69,96.2,96.8,95.5,95.6
50-59,94.6,94.9,93.8,93.9
40-49,91.0,91.2,89.9,89.8
30-39,86.2,86.1,84.1,83.7
20-29,87.0,86.0,84.2,82.6
12-19,91.8,55.4,87.9,86.4
5-11,62.9,91.1,0.0,0.0
poblacion total,82.4117675788105,82.45034039998697,81.01344715308582,80.75081987562062
pobl. vac.,92.8,92.7,91.2,90.8
