edad,C. Valenciana - 1 dosis,España - 1 dosis,C. Valenciana - 2 dosis,España - 2 dosis
80+,100.0,100.0,100.0,100.0
70-79,99.2,99.2,98.5,98.5
60-69,96.2,96.8,95.4,95.5
50-59,94.6,94.8,93.7,93.8
40-49,90.9,91.0,89.8,89.6
30-39,86.0,85.9,83.9,83.4
20-29,86.8,85.7,83.9,82.2
12-19,91.4,90.5,87.5,85.8
5-11,58.1,51.8,0.0,0.0
poblacion total,82.30263934512779,82.28767716115189,80.86326977768805,80.56219079153468
pobl. vac.,92.7,92.6,91.0,90.6
