edad,C. Valenciana - 1 dosis,España - 1 dosis,C. Valenciana - 2 dosis,España - 2 dosis
80+,100.0,100.0,100.0,100.0
70-79,99.2,99.2,98.5,98.5
60-69,96.2,96.8,95.4,95.5
50-59,94.6,94.9,93.8,93.9
40-49,91.0,91.1,89.9,89.7
30-39,86.1,86.1,84.0,83.6
20-29,86.9,85.9,84.1,82.5
12-19,91.7,91.0,87.8,86.3
5-11,62.9,54.9,0.0,0.0
poblacion total,82.38321509295476,82.41391529899552,80.96015840697693,80.69284824416535
pobl. vac.,92.8,92.7,91.1,90.8
