edad,C. Valenciana - 1 dosis,España - 1 dosis,C. Valenciana - 2 dosis,España - 2 dosis
80+,100.0,100.0,100.0,100.0
70-79,99.2,99.2,98.5,98.5
60-69,96.2,96.8,95.4,95.5
50-59,94.6,94.8,93.8,93.9
40-49,91.0,91.1,89.8,89.7
30-39,86.0,85.9,83.9,83.4
20-29,86.8,85.8,83.9,82.3
12-19,91.6,90.7,87.6,86.0
5-11,61.1,53.4,0.0,0.0
poblacion total,82.33532442762053,82.33820529245084,80.88976585182012,80.617502825822
pobl. vac.,92.7,92.6,91.1,90.7
