edad,C. Valenciana - 1 dosis,España - 1 dosis,C. Valenciana - 2 dosis,España - 2 dosis
80+,100.0,100.0,100.0,100.0
70-79,99.6,99.3,99.0,98.8
60-69,96.6,96.9,97.0,96.5
50-59,95.0,94.9,96.2,94.9
40-49,91.4,91.2,91.5,90.7
30-39,86.5,86.2,86.3,84.9
20-29,87.6,86.3,87.1,84.2
12-19,94.0,91.8,97.0,93.2
5-11,60.4,52.5,30.2,32.2
poblacion total,82.91452069887151,82.58050471019506,83.22197402475169,82.07488831325165
pobl. vac.,93.3,92.9,93.7,92.3
